<serviceGroup>
  <service name="SimpleCopy10" targetNamespace="http://opflabs.org/scape/services">
    <description>Simple Copy Version 10 Service</description>
    <schema schemaNamespace="http://opflabs.org/scape/services" />
    <parameter name="ServiceClass" locked="false">org.opflabs.scape.services.SimpleCopy10</parameter>
    <operation name="simpleCopy">
      <messageReceiver class="org.apache.axis2.rpc.receivers.RPCMessageReceiver" />
    </operation>
    <parameter name="cliCommand1">cp $INFILE $OUTFILE</parameter>
    <parameter name="processingUnit">http://fue.onb.ac.at/scape/fue-l/tomcat1</parameter>
    <parameter name="publicHttpAccessDir">/usr/local/java/apache-tomcat-6.0.29/webapps/ROOT/scape/tmp/</parameter>
    <parameter name="publicHttpAccessUrl">http://localhost:8080/scape/tmp/</parameter>
  </service>
</serviceGroup>